<?xml version="1.0" encoding="UTF-8"?><rss version="2.0"
	xmlns:content="http://purl.org/rss/1.0/modules/content/"
	xmlns:wfw="http://wellformedweb.org/CommentAPI/"
	xmlns:dc="http://purl.org/dc/elements/1.1/"
	xmlns:atom="http://www.w3.org/2005/Atom"
	xmlns:sy="http://purl.org/rss/1.0/modules/syndication/"
	xmlns:slash="http://purl.org/rss/1.0/modules/slash/"
	>

<channel>
	<title>Sem categoria &#8211; TLS Fisioterapia</title>
	<atom:link href="./index.html" rel="self" type="application/rss+xml" />
	<link>./../../../index.html</link>
	<description>TLS Fisioterapia</description>
	<lastBuildDate>Sat, 16 Nov 2024 14:51:48 +0000</lastBuildDate>
	<language>pt-BR</language>
	<sy:updatePeriod>
	hourly	</sy:updatePeriod>
	<sy:updateFrequency>
	1	</sy:updateFrequency>
	<generator>https://wordpress.org/?v=6.7.1</generator>

<image>
	<url>./../../../wp-content/uploads/2024/11/20200924_184638_0000.png</url>
	<title>Sem categoria &#8211; TLS Fisioterapia</title>
	<link>./../../../index.html</link>
	<width>32</width>
	<height>32</height>
</image> 
	<item>
		<title>Olá, mundo!</title>
		<link>./../../../ola-mundo/index.html</link>
					<comments>./../../../ola-mundo/index.html#comments</comments>
		
		<dc:creator><![CDATA[Thauane fisio]]></dc:creator>
		<pubDate>Sat, 16 Nov 2024 14:51:48 +0000</pubDate>
				<category><![CDATA[Sem categoria]]></category>
		<guid isPermaLink="false">./../../../index.html?p=1</guid>

					<description><![CDATA[Boas-vindas ao WordPress. Esse é o seu primeiro post. Edite-o ou exclua-o, e então comece a escrever!]]></description>
										<content:encoded><![CDATA[
<p>Boas-vindas ao WordPress. Esse é o seu primeiro post. Edite-o ou exclua-o, e então comece a escrever!</p>
]]></content:encoded>
					
					<wfw:commentRss>./../../../ola-mundo/feed/index.html</wfw:commentRss>
			<slash:comments>1</slash:comments>
		
		
			</item>
	</channel>
</rss>
