<?xml version="1.0" encoding="UTF-8"?><rss version="2.0"
	xmlns:content="http://purl.org/rss/1.0/modules/content/"
	xmlns:wfw="http://wellformedweb.org/CommentAPI/"
	xmlns:dc="http://purl.org/dc/elements/1.1/"
	xmlns:atom="http://www.w3.org/2005/Atom"
	xmlns:sy="http://purl.org/rss/1.0/modules/syndication/"
	xmlns:slash="http://purl.org/rss/1.0/modules/slash/"
	>

<channel>
	<title>Travel &#8211; TLS Fisioterapia</title>
	<atom:link href="./feed/index.html" rel="self" type="application/rss+xml" />
	<link>./../../index.html</link>
	<description>TLS Fisioterapia</description>
	<lastBuildDate>Sat, 16 Nov 2024 15:34:09 +0000</lastBuildDate>
	<language>pt-BR</language>
	<sy:updatePeriod>
	hourly	</sy:updatePeriod>
	<sy:updateFrequency>
	1	</sy:updateFrequency>
	<generator>https://wordpress.org/?v=6.7.1</generator>

<image>
	<url>./../../wp-content/uploads/2024/11/20200924_184638_0000.png</url>
	<title>Travel &#8211; TLS Fisioterapia</title>
	<link>./../../index.html</link>
	<width>32</width>
	<height>32</height>
</image> 
	<item>
		<title>Maecenas porta neque vel quam interdum</title>
		<link>./../../maecenas-porta-neque-vel-quam-interdum.html</link>
					<comments>./../../maecenas-porta-neque-vel-quam-interdum.html#respond</comments>
		
		<dc:creator><![CDATA[Thauane fisio]]></dc:creator>
		<pubDate>Sat, 16 Nov 2024 15:34:09 +0000</pubDate>
				<category><![CDATA[Travel]]></category>
		<guid isPermaLink="false">./../../sem-categoria/maecenas-porta-neque-vel-quam-interdum/index.html</guid>

					<description><![CDATA[Similique quis a libero enim quod corporis saepe quis. Perspiciatis velit quae consectetur consequatur eligendi. Omnis officiis quis culpa possimus exercitationem nesciunt commodi mollitia. Aut eum in est. In facere non. Corporis cumque sapiente deleniti placeat magnam sunt excepturi est sit. Corporis cumque sapiente Est aut sed eaque consequatur rerum nulla maxime tempore voluptate. Rerum [&#8230;]]]></description>
										<content:encoded><![CDATA[
<p>Similique quis a libero enim quod corporis saepe quis. Perspiciatis velit quae consectetur consequatur eligendi. Omnis officiis quis culpa possimus exercitationem nesciunt commodi mollitia. Aut eum in est. In facere non. Corporis cumque sapiente deleniti placeat magnam sunt excepturi est sit.</p>



<h3 class="wp-block-heading">Corporis cumque sapiente</h3>



<p>Est aut sed eaque consequatur rerum nulla maxime tempore voluptate. Rerum modi facere reiciendis animi labore. Explicabo suscipit rerum. Quasi exercitationem adipisci architecto vitae provident sed eum. Aut nobis aut. In in reprehenderit officiis. Similique quis a libero enim quod corporis saepe quis. Perspiciatis velit quae consectetur consequatur eligendi.</p>



<div class="\\\&quot;wp-block-columns\\\&quot; is-layout-flex wp-container-core-columns-is-layout-1 wp-block-columns-is-layout-flex">
<div class="\\\&quot;wp-block-column\\\&quot; is-layout-flow wp-block-column-is-layout-flow">
<figure class=\\\"wp-block-image size-large\\\"><img src=\\\"./../../wp-content/uploads/2021/11/Img-6.jpg\\\" alt=\\\"\\\" class=\\\"wp-image-699\\\"/></figure>
</div>



<div class="\\\&quot;wp-block-column\\\&quot; is-layout-flow wp-block-column-is-layout-flow">
<figure class=\\\"wp-block-image size-large\\\"><img src=\\\"./../../wp-content/uploads/2021/11/Img-7.jpg\\\" alt=\\\"\\\" class=\\\"wp-image-701\\\"/></figure>
</div>
</div>



<p>Deleniti fugit ea itaque qui. Ipsa consequuntur praesentium ut error sit veniam error labore itaque. Cum perspiciatis neque minima similique quis quia nostrum. Ab quis dicta quod possimus. Qui velit et ullam in. Quis debitis repellendus architecto quaerat soluta pariatur. Illo ipsam excepturi sint.</p>



<h3 class="wp-block-heading">Ab quis dicta quod possimus</h3>



<p>Est aut sed eaque consequatur rerum nulla maxime tempore voluptate. Rerum modi facere reiciendis animi labore. Explicabo suscipit rerum. Quasi exercitationem adipisci architecto vitae provident sed eum. Aut nobis aut. In in reprehenderit officiis. Similique quis a libero enim quod corporis saepe quis. Perspiciatis velit quae consectetur consequatur eligendi.</p>



<figure class="\\\&quot;wp-block-gallery wp-block-gallery-1 is-layout-flex wp-block-gallery-is-layout-flex" columns-3 is-cropped\\\"><ul class=\\\"blocks-gallery-grid\\\"><li class=\\\"blocks-gallery-item\\\"><figure><img src=\\\"./../../wp-content/uploads/2021/11/pexels-laura-tancredi-7078049.jpg\\\" alt=\\\"\\\" data-id=\\\"712\\\" data-full-url=\\\"./../../wp-content/uploads/2021/11/pexels-laura-tancredi-7078049.jpg\\\" data-link=\\\"https://demo.athemes.com/sydney-main/2021/11/03/maecenas-porta-neque-vel-quam-interdum/pexels-laura-tancredi-7078049/\\\" class=\\\"wp-image-712\\\"/></figure></li><li class=\\\"blocks-gallery-item\\\"><figure><img src=\\\"./../../wp-content/uploads/2021/11/pexels-allan-mas-5623729.jpg\\\" alt=\\\"\\\" data-id=\\\"713\\\" data-full-url=\\\"./../../wp-content/uploads/2021/11/pexels-allan-mas-5623729.jpg\\\" data-link=\\\"https://demo.athemes.com/sydney-main/2021/11/03/maecenas-porta-neque-vel-quam-interdum/pexels-allan-mas-5623729/\\\" class=\\\"wp-image-713\\\"/></figure></li><li class=\\\"blocks-gallery-item\\\"><figure><img src=\\\"./../../wp-content/uploads/2021/11/pexels-helena-jankovicova-kovacova-6583514.jpg\\\" alt=\\\"\\\" data-id=\\\"714\\\" data-full-url=\\\"./../../wp-content/uploads/2021/11/pexels-helena-jankovicova-kovacova-6583514.jpg\\\" data-link=\\\"https://demo.athemes.com/sydney-main/2021/11/03/maecenas-porta-neque-vel-quam-interdum/pexels-helena-jankovicova-kovacova-6583514/\\\" class=\\\"wp-image-714\\\"/></figure></li></ul></figure>



<p>Est aut sed eaque consequatur rerum nulla maxime tempore voluptate. Rerum modi facere reiciendis animi labore. Explicabo suscipit rerum. Quasi exercitationem adipisci architecto vitae provident sed eum. Aut nobis aut. In in reprehenderit officiis. Similique quis a libero enim quod corporis saepe quis. Perspiciatis velit quae consectetur consequatur eligendi.</p>
]]></content:encoded>
					
					<wfw:commentRss>./../../maecenas-porta-neque-vel-quam-interdum.html/feed/index.html</wfw:commentRss>
			<slash:comments>0</slash:comments>
		
		
			</item>
		<item>
		<title>Similique quis a libero enim quod corporis</title>
		<link>./../../similique-quis-a-libero-enim-quod-corporis.html</link>
					<comments>./../../similique-quis-a-libero-enim-quod-corporis.html#respond</comments>
		
		<dc:creator><![CDATA[Thauane fisio]]></dc:creator>
		<pubDate>Sat, 16 Nov 2024 15:34:09 +0000</pubDate>
				<category><![CDATA[Travel]]></category>
		<guid isPermaLink="false">./../../sem-categoria/similique-quis-a-libero-enim-quod-corporis/index.html</guid>

					<description><![CDATA[Similique quis a libero enim quod corporis saepe quis. Perspiciatis velit quae consectetur consequatur eligendi. Omnis officiis quis culpa possimus exercitationem nesciunt commodi mollitia. Aut eum in est. In facere non. Corporis cumque sapiente deleniti placeat magnam sunt excepturi est sit. Corporis cumque sapiente Est aut sed eaque consequatur rerum nulla maxime tempore voluptate. Rerum [&#8230;]]]></description>
										<content:encoded><![CDATA[
<p>Similique quis a libero enim quod corporis saepe quis. Perspiciatis velit quae consectetur consequatur eligendi. Omnis officiis quis culpa possimus exercitationem nesciunt commodi mollitia. Aut eum in est. In facere non. Corporis cumque sapiente deleniti placeat magnam sunt excepturi est sit.</p>



<h3 class="wp-block-heading">Corporis cumque sapiente</h3>



<p>Est aut sed eaque consequatur rerum nulla maxime tempore voluptate. Rerum modi facere reiciendis animi labore. Explicabo suscipit rerum. Quasi exercitationem adipisci architecto vitae provident sed eum. Aut nobis aut. In in reprehenderit officiis. Similique quis a libero enim quod corporis saepe quis. Perspiciatis velit quae consectetur consequatur eligendi.</p>



<div class="\\\&quot;wp-block-columns\\\&quot; is-layout-flex wp-container-core-columns-is-layout-2 wp-block-columns-is-layout-flex">
<div class="\\\&quot;wp-block-column\\\&quot; is-layout-flow wp-block-column-is-layout-flow">
<figure class=\\\"wp-block-image size-large\\\"><img src=\\\"./../../wp-content/uploads/2021/11/Img-6.jpg\\\" alt=\\\"\\\" class=\\\"wp-image-699\\\"/></figure>
</div>



<div class="\\\&quot;wp-block-column\\\&quot; is-layout-flow wp-block-column-is-layout-flow">
<figure class=\\\"wp-block-image size-large\\\"><img src=\\\"./../../wp-content/uploads/2021/11/Img-7.jpg\\\" alt=\\\"\\\" class=\\\"wp-image-701\\\"/></figure>
</div>
</div>



<p>Deleniti fugit ea itaque qui. Ipsa consequuntur praesentium ut error sit veniam error labore itaque. Cum perspiciatis neque minima similique quis quia nostrum. Ab quis dicta quod possimus. Qui velit et ullam in. Quis debitis repellendus architecto quaerat soluta pariatur. Illo ipsam excepturi sint.</p>



<h3 class="wp-block-heading">Ab quis dicta quod possimus</h3>



<p>Est aut sed eaque consequatur rerum nulla maxime tempore voluptate. Rerum modi facere reiciendis animi labore. Explicabo suscipit rerum. Quasi exercitationem adipisci architecto vitae provident sed eum. Aut nobis aut. In in reprehenderit officiis. Similique quis a libero enim quod corporis saepe quis. Perspiciatis velit quae consectetur consequatur eligendi.</p>



<figure class="\\\&quot;wp-block-gallery wp-block-gallery-2 is-layout-flex wp-block-gallery-is-layout-flex" columns-3 is-cropped\\\"><ul class=\\\"blocks-gallery-grid\\\"><li class=\\\"blocks-gallery-item\\\"><figure><img src=\\\"./../../wp-content/uploads/2021/11/pexels-laura-tancredi-7078049.jpg\\\" alt=\\\"\\\" data-id=\\\"712\\\" data-full-url=\\\"./../../wp-content/uploads/2021/11/pexels-laura-tancredi-7078049.jpg\\\" data-link=\\\"https://demo.athemes.com/sydney-main/2021/11/03/maecenas-porta-neque-vel-quam-interdum/pexels-laura-tancredi-7078049/\\\" class=\\\"wp-image-712\\\"/></figure></li><li class=\\\"blocks-gallery-item\\\"><figure><img src=\\\"./../../wp-content/uploads/2021/11/pexels-allan-mas-5623729.jpg\\\" alt=\\\"\\\" data-id=\\\"713\\\" data-full-url=\\\"./../../wp-content/uploads/2021/11/pexels-allan-mas-5623729.jpg\\\" data-link=\\\"https://demo.athemes.com/sydney-main/2021/11/03/maecenas-porta-neque-vel-quam-interdum/pexels-allan-mas-5623729/\\\" class=\\\"wp-image-713\\\"/></figure></li><li class=\\\"blocks-gallery-item\\\"><figure><img src=\\\"./../../wp-content/uploads/2021/11/pexels-helena-jankovicova-kovacova-6583514.jpg\\\" alt=\\\"\\\" data-id=\\\"714\\\" data-full-url=\\\"./../../wp-content/uploads/2021/11/pexels-helena-jankovicova-kovacova-6583514.jpg\\\" data-link=\\\"https://demo.athemes.com/sydney-main/2021/11/03/maecenas-porta-neque-vel-quam-interdum/pexels-helena-jankovicova-kovacova-6583514/\\\" class=\\\"wp-image-714\\\"/></figure></li></ul></figure>



<p>Est aut sed eaque consequatur rerum nulla maxime tempore voluptate. Rerum modi facere reiciendis animi labore. Explicabo suscipit rerum. Quasi exercitationem adipisci architecto vitae provident sed eum. Aut nobis aut. In in reprehenderit officiis. Similique quis a libero enim quod corporis saepe quis. Perspiciatis velit quae consectetur consequatur eligendi.</p>
]]></content:encoded>
					
					<wfw:commentRss>./../../similique-quis-a-libero-enim-quod-corporis.html/feed/index.html</wfw:commentRss>
			<slash:comments>0</slash:comments>
		
		
			</item>
		<item>
		<title>Perspiciatis velit quae consectetur conseq</title>
		<link>./../../perspiciatis-velit-quae-consectetur-conseq.html</link>
					<comments>./../../perspiciatis-velit-quae-consectetur-conseq.html#respond</comments>
		
		<dc:creator><![CDATA[Thauane fisio]]></dc:creator>
		<pubDate>Sat, 16 Nov 2024 15:34:09 +0000</pubDate>
				<category><![CDATA[Travel]]></category>
		<guid isPermaLink="false">./../../sem-categoria/perspiciatis-velit-quae-consectetur-conseq/index.html</guid>

					<description><![CDATA[Similique quis a libero enim quod corporis saepe quis. Perspiciatis velit quae consectetur consequatur eligendi. Omnis officiis quis culpa possimus exercitationem nesciunt commodi mollitia. Aut eum in est. In facere non. Corporis cumque sapiente deleniti placeat magnam sunt excepturi est sit. Corporis cumque sapiente Est aut sed eaque consequatur rerum nulla maxime tempore voluptate. Rerum [&#8230;]]]></description>
										<content:encoded><![CDATA[
<p>Similique quis a libero enim quod corporis saepe quis. Perspiciatis velit quae consectetur consequatur eligendi. Omnis officiis quis culpa possimus exercitationem nesciunt commodi mollitia. Aut eum in est. In facere non. Corporis cumque sapiente deleniti placeat magnam sunt excepturi est sit.</p>



<h3 class="wp-block-heading">Corporis cumque sapiente</h3>



<p>Est aut sed eaque consequatur rerum nulla maxime tempore voluptate. Rerum modi facere reiciendis animi labore. Explicabo suscipit rerum. Quasi exercitationem adipisci architecto vitae provident sed eum. Aut nobis aut. In in reprehenderit officiis. Similique quis a libero enim quod corporis saepe quis. Perspiciatis velit quae consectetur consequatur eligendi.</p>



<div class="\\\&quot;wp-block-columns\\\&quot; is-layout-flex wp-container-core-columns-is-layout-3 wp-block-columns-is-layout-flex">
<div class="\\\&quot;wp-block-column\\\&quot; is-layout-flow wp-block-column-is-layout-flow">
<figure class=\\\"wp-block-image size-large\\\"><img src=\\\"./../../wp-content/uploads/2021/11/Img-6.jpg\\\" alt=\\\"\\\" class=\\\"wp-image-699\\\"/></figure>
</div>



<div class="\\\&quot;wp-block-column\\\&quot; is-layout-flow wp-block-column-is-layout-flow">
<figure class=\\\"wp-block-image size-large\\\"><img src=\\\"./../../wp-content/uploads/2021/11/Img-7.jpg\\\" alt=\\\"\\\" class=\\\"wp-image-701\\\"/></figure>
</div>
</div>



<p>Deleniti fugit ea itaque qui. Ipsa consequuntur praesentium ut error sit veniam error labore itaque. Cum perspiciatis neque minima similique quis quia nostrum. Ab quis dicta quod possimus. Qui velit et ullam in. Quis debitis repellendus architecto quaerat soluta pariatur. Illo ipsam excepturi sint.</p>



<h3 class="wp-block-heading">Ab quis dicta quod possimus</h3>



<p>Est aut sed eaque consequatur rerum nulla maxime tempore voluptate. Rerum modi facere reiciendis animi labore. Explicabo suscipit rerum. Quasi exercitationem adipisci architecto vitae provident sed eum. Aut nobis aut. In in reprehenderit officiis. Similique quis a libero enim quod corporis saepe quis. Perspiciatis velit quae consectetur consequatur eligendi.</p>



<figure class="\\\&quot;wp-block-gallery wp-block-gallery-3 is-layout-flex wp-block-gallery-is-layout-flex" columns-3 is-cropped\\\"><ul class=\\\"blocks-gallery-grid\\\"><li class=\\\"blocks-gallery-item\\\"><figure><img src=\\\"./../../wp-content/uploads/2021/11/pexels-laura-tancredi-7078049.jpg\\\" alt=\\\"\\\" data-id=\\\"712\\\" data-full-url=\\\"./../../wp-content/uploads/2021/11/pexels-laura-tancredi-7078049.jpg\\\" data-link=\\\"https://demo.athemes.com/sydney-main/2021/11/03/maecenas-porta-neque-vel-quam-interdum/pexels-laura-tancredi-7078049/\\\" class=\\\"wp-image-712\\\"/></figure></li><li class=\\\"blocks-gallery-item\\\"><figure><img src=\\\"./../../wp-content/uploads/2021/11/pexels-allan-mas-5623729.jpg\\\" alt=\\\"\\\" data-id=\\\"713\\\" data-full-url=\\\"./../../wp-content/uploads/2021/11/pexels-allan-mas-5623729.jpg\\\" data-link=\\\"https://demo.athemes.com/sydney-main/2021/11/03/maecenas-porta-neque-vel-quam-interdum/pexels-allan-mas-5623729/\\\" class=\\\"wp-image-713\\\"/></figure></li><li class=\\\"blocks-gallery-item\\\"><figure><img src=\\\"./../../wp-content/uploads/2021/11/pexels-helena-jankovicova-kovacova-6583514.jpg\\\" alt=\\\"\\\" data-id=\\\"714\\\" data-full-url=\\\"./../../wp-content/uploads/2021/11/pexels-helena-jankovicova-kovacova-6583514.jpg\\\" data-link=\\\"https://demo.athemes.com/sydney-main/2021/11/03/maecenas-porta-neque-vel-quam-interdum/pexels-helena-jankovicova-kovacova-6583514/\\\" class=\\\"wp-image-714\\\"/></figure></li></ul></figure>



<p>Est aut sed eaque consequatur rerum nulla maxime tempore voluptate. Rerum modi facere reiciendis animi labore. Explicabo suscipit rerum. Quasi exercitationem adipisci architecto vitae provident sed eum. Aut nobis aut. In in reprehenderit officiis. Similique quis a libero enim quod corporis saepe quis. Perspiciatis velit quae consectetur consequatur eligendi.</p>
]]></content:encoded>
					
					<wfw:commentRss>./../../perspiciatis-velit-quae-consectetur-conseq.html/feed/index.html</wfw:commentRss>
			<slash:comments>0</slash:comments>
		
		
			</item>
		<item>
		<title>Est aut sed eaque consequatur rerum</title>
		<link>./../../est-aut-sed-eaque-consequatur-rerum.html</link>
					<comments>./../../est-aut-sed-eaque-consequatur-rerum.html#respond</comments>
		
		<dc:creator><![CDATA[Thauane fisio]]></dc:creator>
		<pubDate>Sat, 16 Nov 2024 15:34:09 +0000</pubDate>
				<category><![CDATA[Travel]]></category>
		<guid isPermaLink="false">./../../sem-categoria/est-aut-sed-eaque-consequatur-rerum/index.html</guid>

					<description><![CDATA[Similique quis a libero enim quod corporis saepe quis. Perspiciatis velit quae consectetur consequatur eligendi. Omnis officiis quis culpa possimus exercitationem nesciunt commodi mollitia. Aut eum in est. In facere non. Corporis cumque sapiente deleniti placeat magnam sunt excepturi est sit. Corporis cumque sapiente Est aut sed eaque consequatur rerum nulla maxime tempore voluptate. Rerum [&#8230;]]]></description>
										<content:encoded><![CDATA[
<p>Similique quis a libero enim quod corporis saepe quis. Perspiciatis velit quae consectetur consequatur eligendi. Omnis officiis quis culpa possimus exercitationem nesciunt commodi mollitia. Aut eum in est. In facere non. Corporis cumque sapiente deleniti placeat magnam sunt excepturi est sit.</p>



<h3 class="wp-block-heading">Corporis cumque sapiente</h3>



<p>Est aut sed eaque consequatur rerum nulla maxime tempore voluptate. Rerum modi facere reiciendis animi labore. Explicabo suscipit rerum. Quasi exercitationem adipisci architecto vitae provident sed eum. Aut nobis aut. In in reprehenderit officiis. Similique quis a libero enim quod corporis saepe quis. Perspiciatis velit quae consectetur consequatur eligendi.</p>



<div class="\\\&quot;wp-block-columns\\\&quot; is-layout-flex wp-container-core-columns-is-layout-4 wp-block-columns-is-layout-flex">
<div class="\\\&quot;wp-block-column\\\&quot; is-layout-flow wp-block-column-is-layout-flow">
<figure class=\\\"wp-block-image size-large\\\"><img src=\\\"./../../wp-content/uploads/2021/11/Img-6.jpg\\\" alt=\\\"\\\" class=\\\"wp-image-699\\\"/></figure>
</div>



<div class="\\\&quot;wp-block-column\\\&quot; is-layout-flow wp-block-column-is-layout-flow">
<figure class=\\\"wp-block-image size-large\\\"><img src=\\\"./../../wp-content/uploads/2021/11/Img-7.jpg\\\" alt=\\\"\\\" class=\\\"wp-image-701\\\"/></figure>
</div>
</div>



<p>Deleniti fugit ea itaque qui. Ipsa consequuntur praesentium ut error sit veniam error labore itaque. Cum perspiciatis neque minima similique quis quia nostrum. Ab quis dicta quod possimus. Qui velit et ullam in. Quis debitis repellendus architecto quaerat soluta pariatur. Illo ipsam excepturi sint.</p>



<h3 class="wp-block-heading">Ab quis dicta quod possimus</h3>



<p>Est aut sed eaque consequatur rerum nulla maxime tempore voluptate. Rerum modi facere reiciendis animi labore. Explicabo suscipit rerum. Quasi exercitationem adipisci architecto vitae provident sed eum. Aut nobis aut. In in reprehenderit officiis. Similique quis a libero enim quod corporis saepe quis. Perspiciatis velit quae consectetur consequatur eligendi.</p>



<figure class="\\\&quot;wp-block-gallery wp-block-gallery-4 is-layout-flex wp-block-gallery-is-layout-flex" columns-3 is-cropped\\\"><ul class=\\\"blocks-gallery-grid\\\"><li class=\\\"blocks-gallery-item\\\"><figure><img src=\\\"./../../wp-content/uploads/2021/11/pexels-laura-tancredi-7078049.jpg\\\" alt=\\\"\\\" data-id=\\\"712\\\" data-full-url=\\\"./../../wp-content/uploads/2021/11/pexels-laura-tancredi-7078049.jpg\\\" data-link=\\\"https://demo.athemes.com/sydney-main/2021/11/03/maecenas-porta-neque-vel-quam-interdum/pexels-laura-tancredi-7078049/\\\" class=\\\"wp-image-712\\\"/></figure></li><li class=\\\"blocks-gallery-item\\\"><figure><img src=\\\"./../../wp-content/uploads/2021/11/pexels-allan-mas-5623729.jpg\\\" alt=\\\"\\\" data-id=\\\"713\\\" data-full-url=\\\"./../../wp-content/uploads/2021/11/pexels-allan-mas-5623729.jpg\\\" data-link=\\\"https://demo.athemes.com/sydney-main/2021/11/03/maecenas-porta-neque-vel-quam-interdum/pexels-allan-mas-5623729/\\\" class=\\\"wp-image-713\\\"/></figure></li><li class=\\\"blocks-gallery-item\\\"><figure><img src=\\\"./../../wp-content/uploads/2021/11/pexels-helena-jankovicova-kovacova-6583514.jpg\\\" alt=\\\"\\\" data-id=\\\"714\\\" data-full-url=\\\"./../../wp-content/uploads/2021/11/pexels-helena-jankovicova-kovacova-6583514.jpg\\\" data-link=\\\"https://demo.athemes.com/sydney-main/2021/11/03/maecenas-porta-neque-vel-quam-interdum/pexels-helena-jankovicova-kovacova-6583514/\\\" class=\\\"wp-image-714\\\"/></figure></li></ul></figure>



<p>Est aut sed eaque consequatur rerum nulla maxime tempore voluptate. Rerum modi facere reiciendis animi labore. Explicabo suscipit rerum. Quasi exercitationem adipisci architecto vitae provident sed eum. Aut nobis aut. In in reprehenderit officiis. Similique quis a libero enim quod corporis saepe quis. Perspiciatis velit quae consectetur consequatur eligendi.</p>
]]></content:encoded>
					
					<wfw:commentRss>./../../est-aut-sed-eaque-consequatur-rerum.html/feed/index.html</wfw:commentRss>
			<slash:comments>0</slash:comments>
		
		
			</item>
		<item>
		<title>Similique quis a libero enim quod corporis</title>
		<link>./../../similique-quis-a-libero-enim-quod-corporis-2.html</link>
					<comments>./../../similique-quis-a-libero-enim-quod-corporis-2.html#respond</comments>
		
		<dc:creator><![CDATA[Thauane fisio]]></dc:creator>
		<pubDate>Sat, 16 Nov 2024 15:34:09 +0000</pubDate>
				<category><![CDATA[Travel]]></category>
		<guid isPermaLink="false">./../../sem-categoria/similique-quis-a-libero-enim-quod-corporis-2/index.html</guid>

					<description><![CDATA[Similique quis a libero enim quod corporis saepe quis. Perspiciatis velit quae consectetur consequatur eligendi. Omnis officiis quis culpa possimus exercitationem nesciunt commodi mollitia. Aut eum in est. In facere non. Corporis cumque sapiente deleniti placeat magnam sunt excepturi est sit. Corporis cumque sapiente Est aut sed eaque consequatur rerum nulla maxime tempore voluptate. Rerum [&#8230;]]]></description>
										<content:encoded><![CDATA[
<p>Similique quis a libero enim quod corporis saepe quis. Perspiciatis velit quae consectetur consequatur eligendi. Omnis officiis quis culpa possimus exercitationem nesciunt commodi mollitia. Aut eum in est. In facere non. Corporis cumque sapiente deleniti placeat magnam sunt excepturi est sit.</p>



<h3 class="wp-block-heading">Corporis cumque sapiente</h3>



<p>Est aut sed eaque consequatur rerum nulla maxime tempore voluptate. Rerum modi facere reiciendis animi labore. Explicabo suscipit rerum. Quasi exercitationem adipisci architecto vitae provident sed eum. Aut nobis aut. In in reprehenderit officiis. Similique quis a libero enim quod corporis saepe quis. Perspiciatis velit quae consectetur consequatur eligendi.</p>



<div class="\\\&quot;wp-block-columns\\\&quot; is-layout-flex wp-container-core-columns-is-layout-5 wp-block-columns-is-layout-flex">
<div class="\\\&quot;wp-block-column\\\&quot; is-layout-flow wp-block-column-is-layout-flow">
<figure class=\\\"wp-block-image size-large\\\"><img src=\\\"./../../wp-content/uploads/2021/11/Img-6.jpg\\\" alt=\\\"\\\" class=\\\"wp-image-699\\\"/></figure>
</div>



<div class="\\\&quot;wp-block-column\\\&quot; is-layout-flow wp-block-column-is-layout-flow">
<figure class=\\\"wp-block-image size-large\\\"><img src=\\\"./../../wp-content/uploads/2021/11/Img-7.jpg\\\" alt=\\\"\\\" class=\\\"wp-image-701\\\"/></figure>
</div>
</div>



<p>Deleniti fugit ea itaque qui. Ipsa consequuntur praesentium ut error sit veniam error labore itaque. Cum perspiciatis neque minima similique quis quia nostrum. Ab quis dicta quod possimus. Qui velit et ullam in. Quis debitis repellendus architecto quaerat soluta pariatur. Illo ipsam excepturi sint.</p>



<h3 class="wp-block-heading">Ab quis dicta quod possimus</h3>



<p>Est aut sed eaque consequatur rerum nulla maxime tempore voluptate. Rerum modi facere reiciendis animi labore. Explicabo suscipit rerum. Quasi exercitationem adipisci architecto vitae provident sed eum. Aut nobis aut. In in reprehenderit officiis. Similique quis a libero enim quod corporis saepe quis. Perspiciatis velit quae consectetur consequatur eligendi.</p>



<figure class="\\\&quot;wp-block-gallery wp-block-gallery-5 is-layout-flex wp-block-gallery-is-layout-flex" columns-3 is-cropped\\\"><ul class=\\\"blocks-gallery-grid\\\"><li class=\\\"blocks-gallery-item\\\"><figure><img src=\\\"./../../wp-content/uploads/2021/11/pexels-laura-tancredi-7078049.jpg\\\" alt=\\\"\\\" data-id=\\\"712\\\" data-full-url=\\\"./../../wp-content/uploads/2021/11/pexels-laura-tancredi-7078049.jpg\\\" data-link=\\\"https://demo.athemes.com/sydney-main/2021/11/03/maecenas-porta-neque-vel-quam-interdum/pexels-laura-tancredi-7078049/\\\" class=\\\"wp-image-712\\\"/></figure></li><li class=\\\"blocks-gallery-item\\\"><figure><img src=\\\"./../../wp-content/uploads/2021/11/pexels-allan-mas-5623729.jpg\\\" alt=\\\"\\\" data-id=\\\"713\\\" data-full-url=\\\"./../../wp-content/uploads/2021/11/pexels-allan-mas-5623729.jpg\\\" data-link=\\\"https://demo.athemes.com/sydney-main/2021/11/03/maecenas-porta-neque-vel-quam-interdum/pexels-allan-mas-5623729/\\\" class=\\\"wp-image-713\\\"/></figure></li><li class=\\\"blocks-gallery-item\\\"><figure><img src=\\\"./../../wp-content/uploads/2021/11/pexels-helena-jankovicova-kovacova-6583514.jpg\\\" alt=\\\"\\\" data-id=\\\"714\\\" data-full-url=\\\"./../../wp-content/uploads/2021/11/pexels-helena-jankovicova-kovacova-6583514.jpg\\\" data-link=\\\"https://demo.athemes.com/sydney-main/2021/11/03/maecenas-porta-neque-vel-quam-interdum/pexels-helena-jankovicova-kovacova-6583514/\\\" class=\\\"wp-image-714\\\"/></figure></li></ul></figure>



<p>Est aut sed eaque consequatur rerum nulla maxime tempore voluptate. Rerum modi facere reiciendis animi labore. Explicabo suscipit rerum. Quasi exercitationem adipisci architecto vitae provident sed eum. Aut nobis aut. In in reprehenderit officiis. Similique quis a libero enim quod corporis saepe quis. Perspiciatis velit quae consectetur consequatur eligendi.</p>
]]></content:encoded>
					
					<wfw:commentRss>./../../similique-quis-a-libero-enim-quod-corporis-2.html/feed/index.html</wfw:commentRss>
			<slash:comments>0</slash:comments>
		
		
			</item>
		<item>
		<title>Similique quis a libero enim quod corporis</title>
		<link>./../../similique-quis-a-libero-enim-quod-corporis-3.html</link>
					<comments>./../../similique-quis-a-libero-enim-quod-corporis-3.html#respond</comments>
		
		<dc:creator><![CDATA[Thauane fisio]]></dc:creator>
		<pubDate>Sat, 16 Nov 2024 15:34:09 +0000</pubDate>
				<category><![CDATA[Travel]]></category>
		<guid isPermaLink="false">./../../sem-categoria/similique-quis-a-libero-enim-quod-corporis-3/index.html</guid>

					<description><![CDATA[Similique quis a libero enim quod corporis saepe quis. Perspiciatis velit quae consectetur consequatur eligendi. Omnis officiis quis culpa possimus exercitationem nesciunt commodi mollitia. Aut eum in est. In facere non. Corporis cumque sapiente deleniti placeat magnam sunt excepturi est sit. Corporis cumque sapiente Est aut sed eaque consequatur rerum nulla maxime tempore voluptate. Rerum [&#8230;]]]></description>
										<content:encoded><![CDATA[
<p>Similique quis a libero enim quod corporis saepe quis. Perspiciatis velit quae consectetur consequatur eligendi. Omnis officiis quis culpa possimus exercitationem nesciunt commodi mollitia. Aut eum in est. In facere non. Corporis cumque sapiente deleniti placeat magnam sunt excepturi est sit.</p>



<h3 class="wp-block-heading">Corporis cumque sapiente</h3>



<p>Est aut sed eaque consequatur rerum nulla maxime tempore voluptate. Rerum modi facere reiciendis animi labore. Explicabo suscipit rerum. Quasi exercitationem adipisci architecto vitae provident sed eum. Aut nobis aut. In in reprehenderit officiis. Similique quis a libero enim quod corporis saepe quis. Perspiciatis velit quae consectetur consequatur eligendi.</p>



<div class="\\\&quot;wp-block-columns\\\&quot; is-layout-flex wp-container-core-columns-is-layout-6 wp-block-columns-is-layout-flex">
<div class="\\\&quot;wp-block-column\\\&quot; is-layout-flow wp-block-column-is-layout-flow">
<figure class=\\\"wp-block-image size-large\\\"><img src=\\\"./../../wp-content/uploads/2021/11/Img-6.jpg\\\" alt=\\\"\\\" class=\\\"wp-image-699\\\"/></figure>
</div>



<div class="\\\&quot;wp-block-column\\\&quot; is-layout-flow wp-block-column-is-layout-flow">
<figure class=\\\"wp-block-image size-large\\\"><img src=\\\"./../../wp-content/uploads/2021/11/Img-7.jpg\\\" alt=\\\"\\\" class=\\\"wp-image-701\\\"/></figure>
</div>
</div>



<p>Deleniti fugit ea itaque qui. Ipsa consequuntur praesentium ut error sit veniam error labore itaque. Cum perspiciatis neque minima similique quis quia nostrum. Ab quis dicta quod possimus. Qui velit et ullam in. Quis debitis repellendus architecto quaerat soluta pariatur. Illo ipsam excepturi sint.</p>



<h3 class="wp-block-heading">Ab quis dicta quod possimus</h3>



<p>Est aut sed eaque consequatur rerum nulla maxime tempore voluptate. Rerum modi facere reiciendis animi labore. Explicabo suscipit rerum. Quasi exercitationem adipisci architecto vitae provident sed eum. Aut nobis aut. In in reprehenderit officiis. Similique quis a libero enim quod corporis saepe quis. Perspiciatis velit quae consectetur consequatur eligendi.</p>



<figure class="\\\&quot;wp-block-gallery wp-block-gallery-6 is-layout-flex wp-block-gallery-is-layout-flex" columns-3 is-cropped\\\"><ul class=\\\"blocks-gallery-grid\\\"><li class=\\\"blocks-gallery-item\\\"><figure><img src=\\\"./../../wp-content/uploads/2021/11/pexels-laura-tancredi-7078049.jpg\\\" alt=\\\"\\\" data-id=\\\"712\\\" data-full-url=\\\"./../../wp-content/uploads/2021/11/pexels-laura-tancredi-7078049.jpg\\\" data-link=\\\"https://demo.athemes.com/sydney-main/2021/11/03/maecenas-porta-neque-vel-quam-interdum/pexels-laura-tancredi-7078049/\\\" class=\\\"wp-image-712\\\"/></figure></li><li class=\\\"blocks-gallery-item\\\"><figure><img src=\\\"./../../wp-content/uploads/2021/11/pexels-allan-mas-5623729.jpg\\\" alt=\\\"\\\" data-id=\\\"713\\\" data-full-url=\\\"./../../wp-content/uploads/2021/11/pexels-allan-mas-5623729.jpg\\\" data-link=\\\"https://demo.athemes.com/sydney-main/2021/11/03/maecenas-porta-neque-vel-quam-interdum/pexels-allan-mas-5623729/\\\" class=\\\"wp-image-713\\\"/></figure></li><li class=\\\"blocks-gallery-item\\\"><figure><img src=\\\"./../../wp-content/uploads/2021/11/pexels-helena-jankovicova-kovacova-6583514.jpg\\\" alt=\\\"\\\" data-id=\\\"714\\\" data-full-url=\\\"./../../wp-content/uploads/2021/11/pexels-helena-jankovicova-kovacova-6583514.jpg\\\" data-link=\\\"https://demo.athemes.com/sydney-main/2021/11/03/maecenas-porta-neque-vel-quam-interdum/pexels-helena-jankovicova-kovacova-6583514/\\\" class=\\\"wp-image-714\\\"/></figure></li></ul></figure>



<p>Est aut sed eaque consequatur rerum nulla maxime tempore voluptate. Rerum modi facere reiciendis animi labore. Explicabo suscipit rerum. Quasi exercitationem adipisci architecto vitae provident sed eum. Aut nobis aut. In in reprehenderit officiis. Similique quis a libero enim quod corporis saepe quis. Perspiciatis velit quae consectetur consequatur eligendi.</p>
]]></content:encoded>
					
					<wfw:commentRss>./../../similique-quis-a-libero-enim-quod-corporis-3.html/feed/index.html</wfw:commentRss>
			<slash:comments>0</slash:comments>
		
		
			</item>
	</channel>
</rss>
